{"0.4|1": {"alpha": 0.4, "max_iter": 1, "melhor_solucao": [0, 1, 0, 0, 1, 0, 0, 1, 0, 1, 0, 0, 0, 0, 1, 0, 0, 1, 0, 0], "melhor_pontuacao": 75.0, "tempo": 0.009366750717163086}, "0.2|1": {"alpha": 0.2, "max_iter": 1, "melhor_solucao": [0, 1, 0, 0, 1, 0, 0, 1, 0, 1, 0, 0, 0, 0, 1, 0, 0, 1, 0, 0], "melhor_pontuacao": 75.0, "tempo": 0.0076787471771240234}, "0.6|1": {"alpha": 0.6, "max_iter": 1, "melhor_solucao": [0, 1, 0, 0, 1, 0, 0, 1, 0, 1, 0, 0, 0, 0, 1, 0, 0, 1, 0, 0], "melhor_pontuacao": 75.0, "tempo": 0.004825592041015625}, "0.8|1": {"alpha": 0.8, "max_iter": 1, "melhor_solucao": [0, 1, 0, 0, 1, 0, 0, 1, 0, 1, 0, 0, 0, 0, 1, 0, 0, 1, 0, 0], "melhor_pontuacao": 75.0, "tempo": 0.013009071350097656}, "1|1": {"alpha": 1, "max_iter": 1, "melhor_solucao": [0, 1, 0, 0, 1, 0, 0, 1, 0, 1, 0, 0, 0, 0, 1, 0, 0, 1, 0, 0], "melhor_pontuacao": 75.0, "tempo": 0.005144834518432617}, "0.2|50": {"alpha": 0.2, "max_iter": 50, "melhor_solucao": [1, 0, 1, 0, 1, 0, 0, 1, 0, 1, 0, 0, 1, 0, 1, 0, 1, 0, 1, 0], "melhor_pontuacao": 104.0, "tempo": 1.4628474712371826}, "0.4|50": {"alpha": 0.4, "max_iter": 50, "melhor_solucao": [1, 0, 1, 0, 1, 0, 0, 1, 0, 1, 0, 0, 1, 0, 1, 0, 1, 0, 1, 0], "melhor_pontuacao": 104.0, "tempo": 1.7476046085357666}, "1|50": {"alpha": 1, "max_iter": 50, "melhor_solucao": [1, 0, 1, 0, 1, 0, 0, 1, 0, 1, 0, 0, 1, 0, 1, 0, 1, 0, 1, 0], "melhor_pontuacao": 104.0, "tempo": 2.1690025329589844}, "0.8|50": {"alpha": 0.8, "max_iter": 50, "melhor_solucao": [1, 0, 1, 0, 1, 0, 0, 1, 0, 1, 0, 0, 1, 0, 1, 0, 1, 0, 1, 0], "melhor_pontuacao": 104.0, "tempo": 2.7209877967834473}, "0.2|100": {"alpha": 0.2, "max_iter": 100, "melhor_solucao": [1, 0, 1, 0, 1, 0, 0, 1, 0, 1, 0, 0, 1, 0, 1, 0, 1, 0, 1, 0], "melhor_pontuacao": 104.0, "tempo": 2.758777379989624}, "0.6|50": {"alpha": 0.6, "max_iter": 50, "melhor_solucao": [1, 0, 1, 0, 1, 0, 0, 1, 0, 1, 0, 0, 1, 0, 1, 0, 1, 0, 1, 0], "melhor_pontuacao": 104.0, "tempo": 3.815309762954712}, "0.8|100": {"alpha": 0.8, "max_iter": 100, "melhor_solucao": [1, 0, 1, 0, 1, 0, 0, 1, 0, 1, 0, 0, 1, 0, 1, 0, 1, 0, 1, 0], "melhor_pontuacao": 104.0, "tempo": 4.855293273925781}, "0.6|100": {"alpha": 0.6, "max_iter": 100, "melhor_solucao": [1, 0, 1, 0, 1, 0, 0, 1, 0, 1, 0, 0, 1, 0, 1, 0, 1, 0, 1, 0], "melhor_pontuacao": 104.0, "tempo": 6.059850215911865}, "1|100": {"alpha": 1, "max_iter": 100, "melhor_solucao": [1, 0, 1, 0, 1, 0, 0, 1, 0, 1, 0, 0, 1, 0, 1, 0, 1, 0, 1, 0], "melhor_pontuacao": 104.0, "tempo": 5.754560947418213}, "0.4|100": {"alpha": 0.4, "max_iter": 100, "melhor_solucao": [1, 0, 1, 0, 1, 0, 0, 1, 0, 1, 0, 0, 1, 0, 1, 0, 1, 0, 1, 0], "melhor_pontuacao": 104.0, "tempo": 6.252748489379883}, "1|200": {"alpha": 1, "max_iter": 200, "melhor_solucao": [1, 0, 1, 0, 1, 0, 0, 1, 0, 1, 0, 0, 1, 0, 1, 0, 1, 0, 1, 0], "melhor_pontuacao": 104.0, "tempo": 6.164184331893921}, "0.2|200": {"alpha": 0.2, "max_iter": 200, "melhor_solucao": [1, 0, 1, 0, 1, 0, 0, 1, 0, 1, 0, 0, 1, 0, 1, 0, 1, 0, 1, 0], "melhor_pontuacao": 104.0, "tempo": 6.882221698760986}, "0.8|200": {"alpha": 0.8, "max_iter": 200, "melhor_solucao": [1, 0, 1, 0, 1, 0, 0, 1, 0, 1, 0, 0, 1, 0, 1, 0, 1, 0, 1, 0], "melhor_pontuacao": 104.0, "tempo": 7.28016996383667}, "0.4|200": {"alpha": 0.4, "max_iter": 200, "melhor_solucao": [1, 0, 1, 0, 1, 0, 0, 1, 0, 1, 0, 0, 1, 0, 1, 0, 1, 0, 1, 0], "melhor_pontuacao": 104.0, "tempo": 7.618881702423096}, "0.6|200": {"alpha": 0.6, "max_iter": 200, "melhor_solucao": [1, 0, 1, 0, 1, 0, 0, 1, 0, 1, 0, 0, 1, 0, 1, 0, 1, 0, 1, 0], "melhor_pontuacao": 104.0, "tempo": 7.410163640975952}}