{"0.4|1": {"alpha": 0.4, "max_iter": 1, "melhor_solucao": [0, 1, 0, 0, 1, 0, 0, 1, 0, 1, 0, 0, 0, 0, 1, 0, 0, 1, 0, 0], "melhor_pontuacao": 75.0, "tempo": 0.010121822357177734}, "0.6|1": {"alpha": 0.6, "max_iter": 1, "melhor_solucao": [0, 1, 0, 0, 1, 0, 0, 1, 0, 1, 0, 0, 0, 0, 1, 0, 0, 1, 0, 0], "melhor_pontuacao": 75.0, "tempo": 0.009515762329101562}, "0.2|1": {"alpha": 0.2, "max_iter": 1, "melhor_solucao": [0, 1, 0, 0, 1, 0, 0, 1, 0, 1, 0, 0, 0, 0, 1, 0, 0, 1, 0, 0], "melhor_pontuacao": 75.0, "tempo": 0.023938417434692383}, "0.8|1": {"alpha": 0.8, "max_iter": 1, "melhor_solucao": [0, 1, 0, 0, 1, 0, 0, 1, 0, 1, 0, 0, 0, 0, 1, 0, 0, 1, 0, 0], "melhor_pontuacao": 75.0, "tempo": 0.005444526672363281}, "1|1": {"alpha": 1, "max_iter": 1, "melhor_solucao": [0, 1, 0, 0, 1, 0, 0, 1, 0, 1, 0, 0, 0, 0, 1, 0, 0, 1, 0, 0], "melhor_pontuacao": 75.0, "tempo": 0.013826370239257812}, "0.6|50": {"alpha": 0.6, "max_iter": 50, "melhor_solucao": [1, 0, 1, 0, 1, 0, 0, 1, 0, 1, 0, 0, 1, 0, 1, 0, 1, 0, 1, 0], "melhor_pontuacao": 104.0, "tempo": 0.8112237453460693}, "1|50": {"alpha": 1, "max_iter": 50, "melhor_solucao": [1, 0, 1, 0, 1, 0, 0, 1, 0, 1, 0, 0, 1, 0, 1, 0, 1, 0, 1, 0], "melhor_pontuacao": 104.0, "tempo": 1.1457231044769287}, "0.8|50": {"alpha": 0.8, "max_iter": 50, "melhor_solucao": [1, 0, 1, 0, 1, 0, 0, 1, 0, 1, 0, 0, 1, 0, 1, 0, 1, 0, 1, 0], "melhor_pontuacao": 104.0, "tempo": 1.980478286743164}, "0.4|50": {"alpha": 0.4, "max_iter": 50, "melhor_solucao": [1, 0, 1, 0, 1, 0, 0, 1, 0, 1, 0, 0, 1, 0, 1, 0, 1, 0, 1, 0], "melhor_pontuacao": 104.0, "tempo": 2.802924156188965}, "0.2|50": {"alpha": 0.2, "max_iter": 50, "melhor_solucao": [1, 0, 1, 0, 1, 0, 0, 1, 0, 1, 0, 0, 1, 0, 1, 0, 1, 0, 1, 0], "melhor_pontuacao": 104.0, "tempo": 3.080066680908203}, "0.2|100": {"alpha": 0.2, "max_iter": 100, "melhor_solucao": [1, 0, 1, 0, 1, 0, 0, 1, 0, 1, 0, 0, 1, 0, 1, 0, 1, 0, 1, 0], "melhor_pontuacao": 104.0, "tempo": 4.355868339538574}, "0.4|100": {"alpha": 0.4, "max_iter": 100, "melhor_solucao": [1, 0, 1, 0, 1, 0, 0, 1, 0, 1, 0, 0, 1, 0, 1, 0, 1, 0, 1, 0], "melhor_pontuacao": 104.0, "tempo": 5.03218150138855}, "0.6|100": {"alpha": 0.6, "max_iter": 100, "melhor_solucao": [1, 0, 1, 0, 1, 0, 0, 1, 0, 1, 0, 0, 1, 0, 1, 0, 1, 0, 1, 0], "melhor_pontuacao": 104.0, "tempo": 5.2485151290893555}, "0.8|100": {"alpha": 0.8, "max_iter": 100, "melhor_solucao": [1, 0, 1, 0, 1, 0, 0, 1, 0, 1, 0, 0, 1, 0, 1, 0, 1, 0, 1, 0], "melhor_pontuacao": 104.0, "tempo": 5.294217348098755}, "1|100": {"alpha": 1, "max_iter": 100, "melhor_solucao": [1, 0, 1, 0, 1, 0, 0, 1, 0, 1, 0, 0, 1, 0, 1, 0, 1, 0, 1, 0], "melhor_pontuacao": 104.0, "tempo": 4.834431409835815}, "0.4|200": {"alpha": 0.4, "max_iter": 200, "melhor_solucao": [1, 0, 1, 0, 1, 0, 0, 1, 0, 1, 0, 0, 1, 0, 1, 0, 1, 0, 1, 0], "melhor_pontuacao": 104.0, "tempo": 7.653438329696655}, "0.2|200": {"alpha": 0.2, "max_iter": 200, "melhor_solucao": [1, 0, 1, 0, 1, 0, 0, 1, 0, 1, 0, 0, 1, 0, 1, 0, 1, 0, 1, 0], "melhor_pontuacao": 104.0, "tempo": 8.19160509109497}, "1|200": {"alpha": 1, "max_iter": 200, "melhor_solucao": [1, 0, 1, 0, 1, 0, 0, 1, 0, 1, 0, 0, 1, 0, 1, 0, 1, 0, 1, 0], "melhor_pontuacao": 104.0, "tempo": 7.739486455917358}, "0.6|200": {"alpha": 0.6, "max_iter": 200, "melhor_solucao": [1, 0, 1, 0, 1, 0, 0, 1, 0, 1, 0, 0, 1, 0, 1, 0, 1, 0, 1, 0], "melhor_pontuacao": 104.0, "tempo": 7.9465484619140625}, "0.8|200": {"alpha": 0.8, "max_iter": 200, "melhor_solucao": [1, 0, 1, 0, 1, 0, 0, 1, 0, 1, 0, 0, 1, 0, 1, 0, 1, 0, 1, 0], "melhor_pontuacao": 104.0, "tempo": 7.955035924911499}}