{"0.2|1": {"alpha": 0.2, "max_iter": 1, "melhor_solucao": [0, 0, 1, 1, 1, 0, 1, 0, 0, 0, 0, 1, 1, 1, 1, 1, 1, 0, 1, 0], "melhor_pontuacao": 151.0, "tempo": 0.044820308685302734}, "0.6|1": {"alpha": 0.6, "max_iter": 1, "melhor_solucao": [0, 0, 1, 1, 1, 0, 1, 0, 0, 0, 0, 1, 1, 1, 1, 1, 1, 0, 1, 0], "melhor_pontuacao": 151.0, "tempo": 0.03563642501831055}, "0.4|1": {"alpha": 0.4, "max_iter": 1, "melhor_solucao": [0, 0, 1, 1, 1, 0, 1, 0, 0, 0, 0, 1, 1, 1, 1, 1, 1, 0, 1, 0], "melhor_pontuacao": 151.0, "tempo": 0.06177926063537598}, "1|1": {"alpha": 1, "max_iter": 1, "melhor_solucao": [0, 0, 1, 1, 1, 0, 1, 0, 0, 0, 0, 1, 1, 1, 1, 1, 1, 0, 1, 0], "melhor_pontuacao": 151.0, "tempo": 0.02859044075012207}, "0.8|1": {"alpha": 0.8, "max_iter": 1, "melhor_solucao": [0, 0, 1, 1, 1, 0, 1, 0, 0, 0, 0, 1, 1, 1, 1, 1, 1, 0, 1, 0], "melhor_pontuacao": 151.0, "tempo": 0.046658992767333984}, "1|50": {"alpha": 1, "max_iter": 50, "melhor_solucao": [0, 0, 1, 1, 1, 0, 1, 0, 0, 0, 0, 1, 1, 1, 1, 1, 1, 0, 1, 0], "melhor_pontuacao": 151.0, "tempo": 7.6135642528533936}, "0.2|50": {"alpha": 0.2, "max_iter": 50, "melhor_solucao": [0, 0, 1, 1, 1, 0, 1, 0, 0, 0, 0, 1, 1, 1, 1, 1, 1, 0, 1, 0], "melhor_pontuacao": 151.0, "tempo": 7.9270265102386475}, "0.8|50": {"alpha": 0.8, "max_iter": 50, "melhor_solucao": [0, 0, 1, 1, 1, 0, 1, 0, 0, 0, 0, 1, 1, 1, 1, 1, 1, 0, 1, 0], "melhor_pontuacao": 151.0, "tempo": 9.147057294845581}, "0.4|50": {"alpha": 0.4, "max_iter": 50, "melhor_solucao": [0, 0, 1, 1, 1, 0, 1, 0, 0, 0, 0, 1, 1, 1, 1, 1, 1, 0, 1, 0], "melhor_pontuacao": 151.0, "tempo": 9.976451873779297}, "0.6|50": {"alpha": 0.6, "max_iter": 50, "melhor_solucao": [0, 0, 1, 1, 1, 0, 1, 0, 0, 0, 0, 1, 1, 1, 1, 1, 1, 0, 1, 0], "melhor_pontuacao": 151.0, "tempo": 15.01096796989441}, "1|100": {"alpha": 1, "max_iter": 100, "melhor_solucao": [0, 0, 1, 1, 1, 0, 1, 0, 0, 0, 0, 1, 1, 1, 1, 1, 1, 0, 1, 0], "melhor_pontuacao": 151.0, "tempo": 15.40190839767456}, "0.4|100": {"alpha": 0.4, "max_iter": 100, "melhor_solucao": [0, 0, 1, 1, 1, 0, 1, 0, 0, 0, 0, 1, 1, 1, 1, 1, 1, 0, 1, 0], "melhor_pontuacao": 151.0, "tempo": 16.121641397476196}, "0.6|100": {"alpha": 0.6, "max_iter": 100, "melhor_solucao": [0, 0, 1, 1, 1, 0, 1, 0, 0, 0, 0, 1, 1, 1, 1, 1, 1, 0, 1, 0], "melhor_pontuacao": 151.0, "tempo": 19.015333652496338}, "0.2|100": {"alpha": 0.2, "max_iter": 100, "melhor_solucao": [0, 0, 1, 1, 1, 0, 1, 0, 0, 0, 0, 1, 1, 1, 1, 1, 1, 0, 1, 0], "melhor_pontuacao": 151.0, "tempo": 19.417203664779663}, "0.8|100": {"alpha": 0.8, "max_iter": 100, "melhor_solucao": [0, 0, 1, 1, 1, 0, 1, 0, 0, 0, 0, 1, 1, 1, 1, 1, 1, 0, 1, 0], "melhor_pontuacao": 151.0, "tempo": 20.234037160873413}, "0.6|200": {"alpha": 0.6, "max_iter": 200, "melhor_solucao": [0, 0, 1, 1, 1, 0, 1, 0, 0, 0, 0, 1, 1, 1, 1, 1, 1, 0, 1, 0], "melhor_pontuacao": 151.0, "tempo": 22.634902238845825}, "0.8|200": {"alpha": 0.8, "max_iter": 200, "melhor_solucao": [0, 0, 1, 1, 1, 0, 1, 0, 0, 0, 0, 1, 1, 1, 1, 1, 1, 0, 1, 0], "melhor_pontuacao": 151.0, "tempo": 22.667211294174194}, "0.2|200": {"alpha": 0.2, "max_iter": 200, "melhor_solucao": [0, 0, 1, 1, 1, 0, 1, 0, 0, 0, 0, 1, 1, 1, 1, 1, 1, 0, 1, 0], "melhor_pontuacao": 151.0, "tempo": 24.361716508865356}, "1|200": {"alpha": 1, "max_iter": 200, "melhor_solucao": [0, 0, 1, 1, 1, 0, 1, 0, 0, 0, 0, 1, 1, 1, 1, 1, 1, 0, 1, 0], "melhor_pontuacao": 151.0, "tempo": 24.49358367919922}, "0.4|200": {"alpha": 0.4, "max_iter": 200, "melhor_solucao": [0, 0, 1, 1, 1, 0, 1, 0, 0, 0, 0, 1, 1, 1, 1, 1, 1, 0, 1, 0], "melhor_pontuacao": 151.0, "tempo": 25.049883604049683}}