{"0.2|1": {"alpha": 0.2, "max_iter": 1, "melhor_solucao": [1, 0, 0, 1, 0, 0, 0, 0, 1, 0, 0, 0, 0, 0, 1, 0, 0, 1, 0, 0, 1, 0, 1, 0, 0, 1, 0, 0, 0, 0, 0, 0, 1, 0, 0, 0, 1, 0, 1, 0], "melhor_pontuacao": 123.0, "tempo": 0.06344294548034668}, "0.6|1": {"alpha": 0.6, "max_iter": 1, "melhor_solucao": [1, 0, 0, 1, 0, 0, 0, 1, 0, 1, 0, 1, 0, 1, 0, 1, 0, 0, 0, 0, 0, 0, 1, 0, 1, 0, 0, 1, 0, 0, 0, 0, 1, 0, 1, 0, 1, 0, 0, 0], "melhor_pontuacao": 185.0, "tempo": 0.03454875946044922}, "0.4|1": {"alpha": 0.4, "max_iter": 1, "melhor_solucao": [0, 1, 0, 1, 0, 0, 0, 0, 1, 0, 0, 1, 0, 0, 1, 0, 0, 1, 0, 1, 0, 1, 0, 0, 0, 1, 0, 0, 1, 0, 0, 0, 1, 0, 1, 0, 0, 1, 0, 0], "melhor_pontuacao": 162.0, "tempo": 0.09390068054199219}, "0.8|1": {"alpha": 0.8, "max_iter": 1, "melhor_solucao": [1, 0, 0, 1, 0, 0, 1, 0, 1, 0, 0, 0, 0, 0, 0, 1, 0, 1, 0, 0, 1, 0, 1, 0, 1, 0, 0, 1, 0, 0, 0, 0, 1, 0, 1, 0, 1, 0, 0, 0], "melhor_pontuacao": 164.0, "tempo": 0.08547687530517578}, "1|1": {"alpha": 1, "max_iter": 1, "melhor_solucao": [0, 1, 0, 1, 0, 0, 1, 0, 1, 0, 0, 1, 0, 0, 1, 0, 0, 0, 1, 0, 1, 0, 1, 0, 1, 0, 0, 1, 0, 0, 0, 1, 0, 0, 0, 0, 1, 0, 0, 0], "melhor_pontuacao": 174.0, "tempo": 0.14311647415161133}, "0.8|50": {"alpha": 0.8, "max_iter": 50, "melhor_solucao": [0, 1, 0, 0, 1, 0, 0, 1, 0, 1, 0, 1, 0, 0, 1, 0, 0, 1, 0, 1, 0, 1, 0, 1, 0, 1, 0, 0, 1, 0, 0, 0, 1, 0, 1, 0, 0, 1, 0, 0], "melhor_pontuacao": 223.0, "tempo": 12.713451147079468}, "0.4|50": {"alpha": 0.4, "max_iter": 50, "melhor_solucao": [1, 0, 1, 0, 1, 0, 0, 1, 0, 1, 0, 1, 0, 0, 0, 1, 0, 0, 1, 0, 0, 1, 0, 0, 1, 0, 0, 1, 0, 1, 0, 0, 1, 0, 1, 0, 1, 0, 0, 0], "melhor_pontuacao": 251.0, "tempo": 15.84663462638855}, "0.6|50": {"alpha": 0.6, "max_iter": 50, "melhor_solucao": [1, 0, 1, 0, 1, 0, 0, 0, 0, 1, 0, 1, 0, 0, 1, 0, 0, 0, 1, 0, 0, 1, 0, 1, 0, 0, 1, 0, 0, 1, 0, 0, 1, 0, 1, 0, 1, 0, 0, 0], "melhor_pontuacao": 229.0, "tempo": 20.797468900680542}, "1|50": {"alpha": 1, "max_iter": 50, "melhor_solucao": [0, 1, 0, 0, 1, 0, 0, 1, 0, 1, 0, 1, 0, 0, 0, 1, 0, 0, 1, 0, 0, 1, 0, 0, 1, 0, 0, 0, 0, 1, 0, 0, 1, 0, 1, 0, 1, 0, 0, 0], "melhor_pontuacao": 226.0, "tempo": 21.41161274909973}, "0.2|50": {"alpha": 0.2, "max_iter": 50, "melhor_solucao": [0, 1, 0, 0, 1, 0, 0, 1, 0, 1, 0, 1, 0, 0, 0, 1, 0, 0, 0, 1, 0, 1, 0, 0, 1, 0, 0, 0, 1, 0, 0, 0, 1, 0, 1, 0, 0, 1, 0, 0], "melhor_pontuacao": 214.0, "tempo": 24.15520668029785}, "0.8|100": {"alpha": 0.8, "max_iter": 100, "melhor_solucao": [1, 0, 1, 0, 1, 0, 0, 1, 0, 1, 0, 1, 0, 0, 0, 1, 0, 0, 1, 0, 0, 1, 0, 0, 1, 0, 0, 1, 0, 1, 0, 0, 1, 0, 1, 0, 1, 0, 0, 0], "melhor_pontuacao": 251.0, "tempo": 28.071655750274658}, "0.4|100": {"alpha": 0.4, "max_iter": 100, "melhor_solucao": [1, 0, 1, 0, 1, 0, 0, 0, 0, 1, 0, 1, 0, 0, 1, 0, 0, 0, 1, 0, 0, 1, 0, 1, 0, 0, 1, 0, 0, 1, 0, 1, 0, 0, 1, 0, 1, 0, 0, 0], "melhor_pontuacao": 236.0, "tempo": 29.52479124069214}, "0.2|100": {"alpha": 0.2, "max_iter": 100, "melhor_solucao": [0, 1, 0, 0, 1, 0, 0, 1, 0, 1, 0, 1, 0, 1, 0, 1, 0, 1, 0, 1, 0, 1, 0, 1, 0, 1, 0, 0, 1, 0, 0, 0, 1, 0, 1, 0, 1, 0, 1, 0], "melhor_pontuacao": 224.0, "tempo": 30.17320966720581}, "1|100": {"alpha": 1, "max_iter": 100, "melhor_solucao": [1, 0, 1, 0, 1, 0, 0, 0, 0, 1, 0, 1, 0, 0, 1, 0, 0, 0, 1, 0, 0, 1, 0, 1, 0, 0, 1, 0, 0, 1, 0, 1, 0, 1, 0, 0, 1, 0, 0, 0], "melhor_pontuacao": 235.0, "tempo": 32.220343589782715}, "0.6|100": {"alpha": 0.6, "max_iter": 100, "melhor_solucao": [1, 0, 1, 0, 1, 0, 0, 0, 0, 1, 0, 1, 0, 0, 1, 0, 0, 1, 0, 1, 0, 1, 0, 1, 0, 0, 1, 0, 0, 1, 0, 0, 1, 0, 1, 0, 1, 0, 1, 0], "melhor_pontuacao": 233.0, "tempo": 33.76729464530945}, "0.4|200": {"alpha": 0.4, "max_iter": 200, "melhor_solucao": [1, 0, 1, 0, 1, 0, 0, 0, 0, 1, 0, 1, 0, 0, 1, 0, 0, 0, 1, 0, 0, 1, 0, 1, 0, 0, 1, 0, 0, 1, 0, 1, 0, 1, 0, 0, 1, 0, 0, 0], "melhor_pontuacao": 235.0, "tempo": 43.789475440979004}, "0.6|200": {"alpha": 0.6, "max_iter": 200, "melhor_solucao": [1, 0, 1, 0, 1, 0, 0, 1, 0, 1, 0, 1, 0, 0, 0, 1, 0, 0, 0, 1, 0, 1, 0, 0, 1, 0, 0, 1, 0, 1, 0, 0, 1, 0, 1, 0, 1, 0, 0, 0], "melhor_pontuacao": 243.0, "tempo": 44.16741871833801}, "0.8|200": {"alpha": 0.8, "max_iter": 200, "melhor_solucao": [1, 0, 1, 0, 1, 0, 0, 1, 0, 1, 0, 1, 0, 0, 0, 1, 0, 0, 1, 0, 0, 1, 0, 0, 1, 0, 0, 1, 0, 1, 0, 0, 1, 0, 1, 0, 1, 0, 0, 0], "melhor_pontuacao": 251.0, "tempo": 44.187912702560425}, "1|200": {"alpha": 1, "max_iter": 200, "melhor_solucao": [1, 0, 1, 0, 1, 0, 1, 0, 0, 1, 0, 1, 0, 0, 0, 1, 0, 0, 1, 0, 0, 1, 0, 0, 1, 0, 0, 1, 0, 1, 0, 0, 1, 0, 1, 0, 1, 0, 0, 0], "melhor_pontuacao": 239.0, "tempo": 44.149327754974365}, "0.2|200": {"alpha": 0.2, "max_iter": 200, "melhor_solucao": [1, 0, 1, 0, 1, 0, 0, 0, 0, 1, 0, 1, 0, 0, 1, 0, 0, 0, 1, 0, 0, 1, 0, 1, 0, 0, 1, 0, 0, 1, 0, 1, 0, 1, 0, 0, 1, 0, 0, 0], "melhor_pontuacao": 235.0, "tempo": 45.518168449401855}}