{"0.8|1": {"alpha": 0.8, "max_iter": 1, "melhor_solucao": [0, 1, 1, 1, 0, 0, 0, 1, 1, 0, 1, 0, 1, 0, 1, 0, 0, 0, 1, 1, 0, 1, 0, 0, 1, 1, 1, 0, 0, 0, 0, 1, 0, 0, 0, 0, 1, 1, 0, 0], "melhor_pontuacao": 260.0, "tempo": 0.19719600677490234}, "0.6|1": {"alpha": 0.6, "max_iter": 1, "melhor_solucao": [0, 1, 1, 1, 0, 0, 0, 1, 1, 0, 0, 0, 0, 0, 1, 0, 0, 0, 1, 1, 0, 1, 0, 0, 1, 1, 0, 0, 1, 1, 0, 0, 0, 0, 1, 0, 1, 1, 0, 0], "melhor_pontuacao": 243.0, "tempo": 0.295825719833374}, "0.4|1": {"alpha": 0.4, "max_iter": 1, "melhor_solucao": [1, 1, 1, 1, 1, 0, 0, 1, 0, 1, 0, 1, 1, 0, 1, 1, 0, 1, 1, 1, 0, 1, 1, 1, 1, 1, 1, 0, 1, 0, 0, 1, 1, 1, 1, 0, 1, 0, 0, 0], "melhor_pontuacao": 429.0, "tempo": 0.34402966499328613}, "1|1": {"alpha": 1, "max_iter": 1, "melhor_solucao": [0, 1, 1, 1, 1, 0, 0, 1, 0, 1, 0, 1, 1, 0, 1, 1, 0, 0, 0, 1, 0, 1, 1, 1, 1, 1, 0, 0, 1, 1, 0, 1, 1, 1, 1, 0, 1, 0, 0, 0], "melhor_pontuacao": 385.0, "tempo": 0.645775556564331}, "0.2|1": {"alpha": 0.2, "max_iter": 1, "melhor_solucao": [0, 1, 1, 0, 1, 0, 0, 1, 0, 1, 1, 1, 1, 0, 1, 1, 0, 0, 0, 1, 0, 1, 0, 0, 1, 1, 1, 0, 1, 1, 0, 1, 1, 1, 1, 0, 1, 1, 0, 0], "melhor_pontuacao": 368.0, "tempo": 0.818159818649292}, "0.2|50": {"alpha": 0.2, "max_iter": 50, "melhor_solucao": [1, 1, 1, 1, 1, 0, 0, 1, 0, 1, 0, 1, 1, 0, 1, 1, 0, 1, 1, 1, 0, 1, 1, 1, 1, 1, 1, 0, 1, 0, 0, 1, 1, 1, 1, 0, 1, 0, 0, 0], "melhor_pontuacao": 429.0, "tempo": 33.240700006484985}, "0.8|50": {"alpha": 0.8, "max_iter": 50, "melhor_solucao": [1, 1, 1, 1, 1, 0, 0, 1, 0, 1, 0, 1, 1, 0, 1, 1, 0, 1, 1, 1, 0, 1, 1, 1, 1, 1, 1, 0, 1, 0, 0, 1, 1, 1, 1, 0, 1, 0, 0, 0], "melhor_pontuacao": 429.0, "tempo": 33.25634765625}, "0.4|50": {"alpha": 0.4, "max_iter": 50, "melhor_solucao": [1, 1, 1, 1, 1, 0, 0, 1, 0, 1, 0, 1, 1, 0, 1, 1, 0, 1, 1, 1, 0, 1, 1, 1, 1, 1, 1, 0, 1, 0, 0, 1, 1, 1, 1, 0, 1, 0, 0, 0], "melhor_pontuacao": 429.0, "tempo": 33.440744161605835}, "0.6|50": {"alpha": 0.6, "max_iter": 50, "melhor_solucao": [1, 1, 1, 1, 1, 0, 0, 1, 0, 1, 0, 1, 1, 0, 1, 1, 0, 1, 1, 1, 0, 1, 1, 1, 1, 1, 1, 0, 1, 0, 0, 1, 1, 1, 1, 0, 1, 0, 0, 0], "melhor_pontuacao": 429.0, "tempo": 33.41907238960266}, "1|50": {"alpha": 1, "max_iter": 50, "melhor_solucao": [1, 1, 1, 1, 1, 0, 0, 1, 0, 1, 0, 1, 1, 0, 1, 1, 0, 1, 1, 1, 0, 1, 1, 1, 1, 1, 1, 0, 1, 0, 0, 1, 1, 1, 1, 0, 1, 0, 0, 0], "melhor_pontuacao": 429.0, "tempo": 39.09375023841858}, "0.8|100": {"alpha": 0.8, "max_iter": 100, "melhor_solucao": [1, 1, 1, 1, 1, 0, 0, 1, 0, 1, 0, 1, 1, 0, 1, 1, 0, 1, 1, 1, 0, 1, 1, 1, 1, 1, 1, 0, 1, 0, 0, 1, 1, 1, 1, 0, 1, 0, 0, 0], "melhor_pontuacao": 429.0, "tempo": 52.31460475921631}, "0.2|100": {"alpha": 0.2, "max_iter": 100, "melhor_solucao": [1, 1, 1, 1, 1, 0, 0, 1, 0, 1, 0, 1, 1, 0, 1, 1, 0, 1, 1, 1, 0, 1, 1, 1, 1, 1, 1, 0, 1, 0, 0, 1, 1, 1, 1, 0, 1, 0, 0, 0], "melhor_pontuacao": 429.0, "tempo": 54.0941424369812}, "0.4|100": {"alpha": 0.4, "max_iter": 100, "melhor_solucao": [1, 1, 1, 1, 1, 0, 0, 1, 0, 1, 0, 1, 1, 0, 1, 1, 0, 1, 1, 1, 0, 1, 1, 1, 1, 1, 1, 0, 1, 0, 0, 1, 1, 1, 1, 0, 1, 0, 0, 0], "melhor_pontuacao": 429.0, "tempo": 55.275508642196655}, "0.6|100": {"alpha": 0.6, "max_iter": 100, "melhor_solucao": [1, 1, 1, 1, 1, 0, 0, 1, 0, 1, 0, 1, 1, 0, 1, 1, 0, 1, 1, 1, 0, 1, 1, 1, 1, 1, 1, 0, 1, 0, 0, 1, 1, 1, 1, 0, 1, 0, 0, 0], "melhor_pontuacao": 429.0, "tempo": 58.14471077919006}, "1|100": {"alpha": 1, "max_iter": 100, "melhor_solucao": [1, 1, 1, 1, 1, 0, 0, 1, 0, 1, 0, 1, 1, 0, 1, 1, 0, 1, 1, 1, 0, 1, 1, 1, 1, 1, 1, 0, 1, 0, 0, 1, 1, 1, 1, 0, 1, 0, 0, 0], "melhor_pontuacao": 429.0, "tempo": 58.880091428756714}, "0.6|200": {"alpha": 0.6, "max_iter": 200, "melhor_solucao": [1, 1, 1, 1, 1, 0, 0, 1, 0, 1, 0, 1, 1, 0, 1, 1, 0, 1, 1, 1, 0, 1, 1, 1, 1, 1, 1, 0, 1, 0, 0, 1, 1, 1, 1, 0, 1, 0, 0, 0], "melhor_pontuacao": 429.0, "tempo": 75.8478147983551}, "0.2|200": {"alpha": 0.2, "max_iter": 200, "melhor_solucao": [1, 1, 1, 1, 1, 0, 0, 1, 0, 1, 0, 1, 1, 0, 1, 1, 0, 1, 1, 1, 0, 1, 1, 1, 1, 1, 1, 0, 1, 0, 0, 1, 1, 1, 1, 0, 1, 0, 0, 0], "melhor_pontuacao": 429.0, "tempo": 76.89590978622437}, "0.4|200": {"alpha": 0.4, "max_iter": 200, "melhor_solucao": [1, 1, 1, 1, 1, 0, 0, 1, 0, 1, 0, 1, 1, 0, 1, 1, 0, 1, 1, 1, 0, 1, 1, 1, 1, 1, 1, 0, 1, 0, 0, 1, 1, 1, 1, 0, 1, 0, 0, 0], "melhor_pontuacao": 429.0, "tempo": 77.98308658599854}, "0.8|200": {"alpha": 0.8, "max_iter": 200, "melhor_solucao": [1, 1, 1, 1, 1, 0, 0, 1, 0, 1, 0, 1, 1, 0, 1, 1, 0, 1, 1, 1, 0, 1, 1, 1, 1, 1, 1, 0, 1, 0, 0, 1, 1, 1, 1, 0, 1, 0, 0, 0], "melhor_pontuacao": 429.0, "tempo": 78.35433983802795}, "1|200": {"alpha": 1, "max_iter": 200, "melhor_solucao": [1, 1, 1, 1, 1, 0, 0, 1, 0, 1, 0, 1, 1, 0, 1, 1, 0, 1, 1, 1, 0, 1, 1, 1, 1, 1, 1, 0, 1, 0, 0, 1, 1, 1, 1, 0, 1, 0, 0, 0], "melhor_pontuacao": 429.0, "tempo": 77.66956186294556}}