{"0.4|1": {"alpha": 0.4, "max_iter": 1, "melhor_solucao": [0, 1, 0, 1, 0, 0, 0, 0, 1, 0, 0, 0, 0, 0, 1, 0, 0, 1, 0, 1, 0, 0, 1, 0, 1, 0, 0, 0, 1, 0, 0, 0, 1, 0, 1, 0, 1, 0, 1, 0], "melhor_pontuacao": 150.0, "tempo": 0.3018662929534912}, "0.6|1": {"alpha": 0.6, "max_iter": 1, "melhor_solucao": [0, 1, 0, 0, 1, 0, 0, 1, 0, 0, 1, 0, 1, 0, 0, 1, 0, 0, 0, 1, 0, 1, 0, 0, 1, 0, 1, 0, 1, 0, 0, 1, 0, 0, 1, 0, 0, 1, 0, 0], "melhor_pontuacao": 195.0, "tempo": 0.2592952251434326}, "0.2|1": {"alpha": 0.2, "max_iter": 1, "melhor_solucao": [1, 0, 1, 0, 1, 0, 0, 1, 0, 1, 0, 1, 0, 0, 1, 0, 0, 1, 0, 1, 0, 1, 0, 1, 0, 1, 0, 0, 1, 0, 0, 0, 1, 0, 1, 0, 0, 1, 0, 0], "melhor_pontuacao": 216.0, "tempo": 0.3606584072113037}, "0.8|1": {"alpha": 0.8, "max_iter": 1, "melhor_solucao": [0, 0, 0, 0, 1, 0, 0, 1, 0, 1, 0, 0, 1, 0, 0, 1, 0, 0, 1, 0, 0, 1, 0, 0, 1, 0, 0, 1, 0, 1, 0, 0, 1, 0, 1, 0, 1, 0, 0, 0], "melhor_pontuacao": 211.0, "tempo": 0.4068446159362793}, "1|1": {"alpha": 1, "max_iter": 1, "melhor_solucao": [0, 1, 0, 0, 1, 0, 0, 1, 0, 1, 0, 0, 0, 0, 1, 0, 0, 0, 1, 0, 0, 0, 1, 0, 1, 0, 0, 0, 0, 0, 0, 1, 0, 0, 1, 0, 1, 0, 0, 0], "melhor_pontuacao": 176.0, "tempo": 0.17574357986450195}, "0.6|50": {"alpha": 0.6, "max_iter": 50, "melhor_solucao": [1, 0, 1, 0, 1, 0, 0, 1, 0, 1, 0, 1, 0, 0, 0, 1, 0, 0, 1, 0, 0, 1, 0, 0, 1, 0, 0, 1, 0, 1, 0, 0, 1, 0, 1, 0, 1, 0, 0, 0], "melhor_pontuacao": 251.0, "tempo": 37.0198609828949}, "0.2|50": {"alpha": 0.2, "max_iter": 50, "melhor_solucao": [0, 0, 0, 0, 1, 0, 0, 1, 0, 1, 0, 1, 0, 0, 0, 1, 0, 0, 1, 0, 0, 1, 0, 0, 1, 0, 0, 1, 0, 1, 0, 0, 1, 0, 1, 0, 1, 0, 0, 0], "melhor_pontuacao": 231.0, "tempo": 37.36467695236206}, "1|50": {"alpha": 1, "max_iter": 50, "melhor_solucao": [0, 1, 0, 0, 1, 0, 0, 1, 0, 1, 0, 1, 0, 0, 1, 0, 0, 1, 0, 1, 0, 1, 0, 1, 0, 1, 0, 0, 1, 0, 0, 0, 1, 0, 1, 0, 1, 0, 0, 0], "melhor_pontuacao": 235.0, "tempo": 38.741536378860474}, "0.8|50": {"alpha": 0.8, "max_iter": 50, "melhor_solucao": [1, 0, 1, 0, 1, 0, 0, 0, 0, 1, 0, 1, 0, 0, 1, 0, 0, 0, 1, 0, 0, 1, 0, 1, 0, 0, 1, 0, 0, 1, 0, 1, 0, 0, 1, 0, 1, 0, 0, 0], "melhor_pontuacao": 236.0, "tempo": 42.16691303253174}, "0.4|50": {"alpha": 0.4, "max_iter": 50, "melhor_solucao": [1, 0, 1, 0, 1, 0, 0, 0, 0, 1, 0, 1, 0, 0, 1, 0, 0, 0, 0, 1, 0, 1, 0, 0, 1, 0, 1, 0, 0, 1, 0, 1, 0, 1, 0, 0, 1, 0, 0, 0], "melhor_pontuacao": 231.0, "tempo": 43.09112524986267}, "1|100": {"alpha": 1, "max_iter": 100, "melhor_solucao": [0, 1, 0, 0, 1, 0, 0, 1, 0, 1, 0, 1, 0, 0, 0, 1, 0, 0, 1, 0, 0, 1, 0, 0, 1, 0, 0, 1, 0, 1, 0, 0, 1, 0, 1, 0, 1, 0, 0, 0], "melhor_pontuacao": 234.0, "tempo": 60.09919857978821}, "0.4|100": {"alpha": 0.4, "max_iter": 100, "melhor_solucao": [1, 0, 1, 0, 1, 0, 0, 0, 0, 1, 0, 1, 0, 0, 1, 0, 0, 0, 1, 0, 0, 1, 0, 1, 0, 0, 1, 0, 0, 1, 0, 1, 0, 0, 1, 0, 1, 0, 0, 0], "melhor_pontuacao": 236.0, "tempo": 61.12069582939148}, "0.6|100": {"alpha": 0.6, "max_iter": 100, "melhor_solucao": [1, 0, 1, 0, 1, 0, 0, 1, 0, 1, 0, 1, 0, 0, 0, 1, 0, 0, 1, 0, 0, 1, 0, 0, 1, 0, 0, 1, 0, 1, 0, 0, 1, 0, 1, 0, 1, 0, 0, 0], "melhor_pontuacao": 251.0, "tempo": 62.525343894958496}, "0.2|100": {"alpha": 0.2, "max_iter": 100, "melhor_solucao": [1, 0, 1, 0, 1, 0, 0, 1, 0, 1, 0, 1, 0, 1, 0, 1, 0, 1, 0, 1, 0, 1, 0, 1, 0, 1, 0, 0, 1, 0, 0, 0, 1, 0, 1, 0, 1, 0, 1, 0], "melhor_pontuacao": 238.0, "tempo": 65.84574604034424}, "0.8|100": {"alpha": 0.8, "max_iter": 100, "melhor_solucao": [1, 0, 1, 0, 1, 0, 0, 1, 0, 1, 0, 1, 0, 1, 0, 1, 0, 1, 0, 1, 0, 1, 0, 1, 0, 1, 0, 0, 1, 0, 0, 0, 1, 0, 1, 0, 1, 0, 1, 0], "melhor_pontuacao": 238.0, "tempo": 68.17496061325073}, "0.8|200": {"alpha": 0.8, "max_iter": 200, "melhor_solucao": [1, 0, 0, 0, 1, 0, 0, 1, 0, 1, 0, 1, 0, 0, 0, 1, 0, 0, 1, 0, 0, 1, 0, 0, 1, 0, 0, 1, 0, 1, 0, 0, 1, 0, 1, 0, 1, 0, 0, 0], "melhor_pontuacao": 240.0, "tempo": 91.12777495384216}, "0.4|200": {"alpha": 0.4, "max_iter": 200, "melhor_solucao": [1, 0, 1, 0, 1, 0, 0, 1, 0, 1, 0, 1, 0, 0, 0, 1, 0, 0, 1, 0, 0, 1, 0, 0, 1, 0, 0, 1, 0, 1, 0, 0, 1, 0, 1, 0, 1, 0, 0, 0], "melhor_pontuacao": 251.0, "tempo": 91.96454095840454}, "0.6|200": {"alpha": 0.6, "max_iter": 200, "melhor_solucao": [1, 0, 1, 0, 1, 0, 0, 1, 0, 1, 0, 1, 0, 0, 0, 1, 0, 1, 0, 1, 0, 1, 0, 1, 0, 1, 0, 0, 1, 0, 0, 0, 1, 0, 1, 0, 1, 0, 0, 0], "melhor_pontuacao": 235.0, "tempo": 92.2019362449646}, "0.2|200": {"alpha": 0.2, "max_iter": 200, "melhor_solucao": [1, 0, 1, 0, 1, 0, 0, 1, 0, 1, 0, 1, 0, 0, 0, 1, 0, 1, 0, 1, 0, 1, 0, 1, 0, 1, 0, 0, 1, 0, 0, 0, 1, 0, 1, 0, 1, 0, 0, 0], "melhor_pontuacao": 235.0, "tempo": 93.5652847290039}, "1|200": {"alpha": 1, "max_iter": 200, "melhor_solucao": [1, 0, 1, 0, 1, 0, 0, 1, 0, 1, 0, 1, 0, 0, 1, 0, 0, 1, 0, 1, 0, 1, 0, 1, 0, 1, 0, 0, 1, 0, 0, 0, 1, 0, 1, 0, 1, 0, 0, 0], "melhor_pontuacao": 238.0, "tempo": 92.99842953681946}}